{"cameraMode":{"drawMode":0,"name":"Shaded","section":"Shading Mode"},"sceneLighting":true,"audioPlay":false,"sceneViewState":{"showFog":true,"showMaterialUpdate":false,"showSkybox":true,"showFlares":true,"showImageEffects":true,"showParticleSystems":true},"in2DMode":false,"pivot":{"x":-8.306480407714844,"y":-41.714378356933597,"z":53.95830154418945},"rotation":{"x":-0.20813336968421937,"y":0.07593760639429093,"z":-0.016210466623306276,"w":-0.9750134944915772},"size":129.04388427734376,"orthographic":false}