{"cameraMode":{"drawMode":0,"name":"Shaded","section":"Shading Mode"},"sceneLighting":true,"audioPlay":false,"sceneViewState":{"showFog":true,"showMaterialUpdate":false,"showSkybox":true,"showFlares":true,"showImageEffects":true,"showParticleSystems":true},"in2DMode":false,"pivot":{"x":0.5469949245452881,"y":2.4086766242980959,"z":11.67884635925293},"rotation":{"x":-0.09227857738733292,"y":-0.0005846810527145863,"z":0.00005406076161307283,"w":-0.9957330822944641},"size":18.938383102416993,"orthographic":false}